,City,Approx. Latitude,Approx. Longitude,Max Temperature (F),Humidity (%),Cloudiness,Wind Speed (mph),Actual Latitude,Actual Longitude,Country,Datetime (Local)
0,llangefni,53.19101466919179,-4.435154826657566,59.0,87,100,9.17,53.26,-4.31,GB,2020-06-30 21:18:46
1,sharlyk,53.25201414171738,54.45595824096969,48.02,84,5,7.76,52.92,54.75,RU,2020-07-01 01:20:52
2,cidreira,-43.940273935021736,-33.01703531400767,62.26,89,100,24.38,-30.18,-50.21,BR,2020-06-30 17:19:22
3,bredasdorp,-58.980568290315446,20.95309424789059,50.0,93,100,4.7,-34.53,20.04,ZA,2020-06-30 22:16:14
4,coronel oviedo,-25.457511068587536,-56.33866542850784,62.76,79,65,7.65,-25.42,-56.45,PY,2020-06-30 16:20:52
5,new norfolk,-58.63039348554217,133.86637968894695,39.99,85,100,2.28,-42.78,147.06,AU,2020-07-01 06:16:12
6,punta arenas,-65.52703694466766,-82.50001262513784,32.0,93,75,4.7,-53.15,-70.92,CL,2020-06-30 17:20:52
7,tadine,-21.265384722147758,168.66391347382415,66.07,71,2,13.96,-21.55,167.88,NC,2020-07-01 07:20:53
8,ontario,43.275980960150434,-117.63669967911888,82.4,41,1,6.93,34.06,-117.65,US,2020-06-30 13:15:58
9,lebu,-32.926256505235926,-91.27670478167526,53.04,87,100,18.07,-37.62,-73.65,CL,2020-06-30 16:20:53
10,wanning,18.54677028007758,108.99078013054924,79.5,88,84,9.51,18.8,110.4,CN,2020-07-01 04:20:53
11,indianola,40.73657344969047,-93.72850818783749,82.0,74,90,17.22,41.36,-93.56,US,2020-06-30 15:20:53
12,isla mujeres,25.152413573535384,-87.09728975434257,89.6,62,40,13.87,21.23,-86.73,MX,2020-06-30 15:20:02
13,hobart,-79.18056578250625,149.60693501280554,39.0,93,20,4.7,-42.88,147.33,AU,2020-07-01 06:19:54
14,carnarvon,-27.254583060217755,91.99251103192626,55.4,100,0,8.05,-24.87,113.63,AU,2020-07-01 04:16:08
15,mercedes,-35.19889132410641,-65.62385533442678,50.0,92,100,15.01,-34.65,-59.43,AR,2020-06-30 17:20:54
16,hasaki,27.150276455642626,152.79825185960777,78.8,78,75,14.99,35.73,140.83,JP,2020-07-01 05:20:55
17,alugan,16.793450416933794,131.75333765548913,80.2,79,36,2.57,12.22,125.48,PH,2020-07-01 04:20:55
18,mahdasht,35.54549085239482,50.601625082945446,69.8,43,20,9.17,35.73,50.81,IR,2020-07-01 00:50:55
19,kodiak,51.511551118958636,-151.63559094926887,59.0,62,1,9.17,57.79,-152.41,US,2020-06-30 12:20:55
20,hilo,14.734858615516274,-152.38012428621118,84.2,54,20,8.05,19.73,-155.09,US,2020-06-30 10:20:55
21,solnechnyy,61.97328828163015,140.41689723366534,59.56,71,78,5.01,50.72,136.63,RU,2020-07-01 06:20:56
22,saint-pierre,41.53691495523793,-54.13395373333027,68.0,56,0,5.82,-21.34,55.48,RE,2020-07-01 00:20:56
23,ponta do sol,20.926487108355474,-25.427172824294416,69.8,73,40,9.17,32.67,-17.1,PT,2020-06-30 21:20:56
24,port elizabeth,-62.056409114225225,30.057468597264744,59.0,87,0,10.29,-33.92,25.57,ZA,2020-06-30 22:20:56
25,atuona,-8.473590641879042,-137.40168567205703,79.97,77,7,18.79,-9.8,-139.03,PF,2020-06-30 10:46:03
26,rikitea,-38.602295985006634,-137.90439489237903,69.1,59,0,16.13,-23.12,-134.97,PF,2020-06-30 11:20:57
27,saint-philippe,-65.5787372885099,75.09696922206649,68.0,56,0,5.82,-21.36,55.77,RE,2020-07-01 00:20:57
28,ushuaia,-67.50179890036489,-61.375304674016064,30.2,80,0,5.82,-54.8,-68.3,AR,2020-06-30 17:20:57
29,tommot,57.771444902055265,126.68413263604197,60.13,76,43,1.23,58.96,126.29,RU,2020-07-01 05:20:57
30,albany,-72.02168278981296,107.12923378869067,75.99,75,100,5.88,42.6,-73.97,US,2020-06-30 16:20:58
31,cabo san lucas,15.501527565191068,-117.12611846820374,86.0,69,75,12.75,22.89,-109.91,MX,2020-06-30 14:18:52
32,thompson,71.06450708068053,-93.33985595937219,64.4,82,90,10.29,55.74,-97.86,CA,2020-06-30 15:20:58
33,marrakesh,32.17513475239987,-6.693559551135706,93.2,32,0,6.93,31.63,-8.01,MA,2020-06-30 21:18:37
34,fontenay-le-comte,46.49684265699392,-0.842680162740038,66.99,93,90,5.82,46.58,-1.0,FR,2020-06-30 22:20:58
35,ancud,-41.97716306715146,-106.39967579514548,50.0,93,90,5.82,-41.87,-73.82,CL,2020-06-30 16:20:59
36,santa rosa,-36.66629979449281,-64.85257816904532,81.0,74,43,1.12,14.31,121.11,PH,2020-07-01 04:20:59
37,mehamn,78.39249398637591,27.77737452200813,41.0,86,75,17.22,71.04,27.85,NO,2020-06-30 22:20:59
38,boffa,10.115612535953161,-14.202629725036473,79.12,83,46,5.21,10.17,-14.03,GN,2020-06-30 20:20:59
39,nikolskoye,34.676134378480214,174.52559478292272,59.0,77,40,13.42,59.7,30.79,RU,2020-06-30 23:20:59
40,pevek,89.6701368829064,170.3430861812223,34.09,98,100,12.41,69.7,170.31,RU,2020-07-01 08:21:00
41,banepa,27.713814786041482,86.2481827300399,71.6,94,40,2.24,27.63,85.52,NP,2020-07-01 02:06:00
42,qaanaaq,84.53517683131687,-93.54951208283521,41.23,74,28,2.73,77.48,-69.36,GL,2020-06-30 17:21:00
43,sept-iles,56.080390085331544,-67.51447676384457,70.0,68,40,9.17,50.2,-66.38,CA,2020-06-30 16:18:44
44,mao,15.006133138480862,15.531509541310015,75.2,83,0,8.05,39.89,4.27,ES,2020-06-30 22:21:01
45,klaksvik,61.54371739789454,-4.446638517992199,48.2,66,94,10.29,62.23,-6.59,FO,2020-06-30 21:21:01
46,busselton,-43.492988966862356,109.46808985832314,48.0,89,84,11.68,-33.65,115.33,AU,2020-07-01 04:16:04
47,kerema,-7.435852585534775,145.35293080903818,76.06,87,100,5.12,-7.96,145.78,PG,2020-07-01 06:21:01
48,mataura,-71.50961283421816,-156.54230713431346,39.0,83,100,3.0,-46.19,168.86,NZ,2020-07-01 08:21:01
49,maiduguri,12.467760746735522,13.619636524494041,80.04,59,30,9.22,11.85,13.16,NG,2020-06-30 21:20:08
50,ilulissat,88.00204526471575,-41.51352526810743,44.6,75,75,4.7,69.22,-51.1,GL,2020-06-30 18:21:02
51,arman,58.37127641819845,148.89638239775007,53.13,65,100,8.81,59.7,150.17,RU,2020-07-01 07:21:02
52,kuching,1.7495184217516169,109.83088695776371,75.2,100,40,1.77,1.55,110.33,MY,2020-07-01 04:21:02
53,ponta delgada,36.47017961904953,-26.401785827086655,68.0,94,75,3.36,37.73,-25.67,PT,2020-06-30 20:21:02
54,arraial do cabo,-39.85738094016823,-22.26002287243466,75.2,64,100,17.22,-22.97,-42.03,BR,2020-06-30 17:16:11
55,provideniya,43.6491048285838,-177.82028650349295,44.6,87,90,13.42,64.38,-173.3,RU,2020-07-01 08:16:04
56,moose factory,51.619082327989474,-79.96609108804635,91.4,33,1,8.05,51.26,-80.61,CA,2020-06-30 16:21:03
57,boksitogorsk,59.8912950476448,33.9410871176901,55.13,96,100,5.86,59.47,33.85,RU,2020-06-30 23:21:03
58,tessalit,23.719973055383974,3.6242699648925907,95.18,10,0,11.01,20.2,1.01,ML,2020-06-30 20:21:03
59,mareeba,-17.459279476924735,143.5678683361137,70.0,93,88,1.99,-17.0,145.43,AU,2020-07-01 06:21:04
60,jamestown,-49.73753901492673,-14.668783865560584,79.0,57,75,6.93,42.1,-79.24,US,2020-06-30 16:20:49
61,chapais,56.51820722001548,-75.6248900979032,82.4,39,1,5.82,49.78,-74.85,CA,2020-06-30 16:21:04
62,najran,17.661639366293727,45.9386308446565,87.8,14,94,2.57,17.49,44.13,SA,2020-06-30 23:21:05
63,barrow,89.66932021654543,-164.81367074535098,39.2,86,90,6.93,71.29,-156.79,US,2020-06-30 12:20:02
64,kaitangata,-50.428423806769025,172.32528867431398,44.01,66,100,11.01,-46.28,169.85,NZ,2020-07-01 08:16:08
65,rio gallegos,-51.07335449629645,-69.99436611625346,30.2,86,0,3.36,-51.62,-69.22,AR,2020-06-30 17:21:05
66,cape town,-72.46469932963026,-12.823577318710164,53.01,100,0,3.36,-33.93,18.42,ZA,2020-06-30 22:21:06
67,mezen,68.83961244752794,46.486506387658636,55.0,59,97,10.58,65.85,44.24,RU,2020-06-30 23:21:06
68,narrabri,-30.619948567203274,148.2058896963709,42.01,80,40,3.74,-30.32,149.78,AU,2020-07-01 06:21:06
69,tuktoyaktuk,79.77355474603672,-135.86639096604662,62.6,63,75,9.17,69.45,-133.04,CA,2020-06-30 14:21:06
70,bambous virieux,-27.905935108078125,76.70579370930204,66.99,93,20,4.7,-20.34,57.76,MU,2020-07-01 00:21:07
71,yellowknife,78.84998569756337,-115.28286496742804,77.0,44,20,3.36,62.46,-114.35,CA,2020-06-30 14:20:10
72,airai,15.151089778820008,145.81292710862004,53.53,86,37,2.28,-8.93,125.41,TL,2020-07-01 05:21:07
73,margate,-36.961288608179885,36.83356088863343,63.0,93,100,4.0,51.38,1.39,GB,2020-06-30 21:21:07
74,kudahuvadhoo,3.214163641635892,72.76378513510497,83.98,66,63,3.51,2.67,72.89,MV,2020-07-01 01:21:08
75,qaqortoq,61.94647978262171,-46.04300225569847,53.6,54,75,11.41,60.72,-46.03,GL,2020-06-30 18:21:08
76,vardo,80.39842394882459,34.054216282492575,42.8,100,75,25.28,70.37,31.11,NO,2020-06-30 22:21:08
77,vaini,-36.557030327023675,-177.99000675707592,73.4,88,75,11.41,-21.2,-175.2,TO,2020-07-01 09:21:09
78,victoria,2.171035475782503,56.255001586709795,84.0,79,99,5.01,22.29,114.16,HK,2020-07-01 04:18:13
79,sabang,6.524973803064583,96.24758638107022,82.53,73,58,3.94,5.89,95.32,ID,2020-07-01 03:21:09
80,naze,25.169472774899404,133.73830345300553,80.6,94,75,12.75,28.37,129.48,JP,2020-07-01 05:21:09
81,aras,60.9638645955591,5.072207590567103,77.0,65,15,10.29,42.56,-2.36,ES,2020-06-30 22:21:10
82,codrington,25.277764587013493,-53.05522441229812,44.74,74,0,12.82,-38.27,141.97,AU,2020-07-01 06:21:10
83,kislang,46.93311196060921,18.384809832473906,68.52,69,27,5.99,46.96,18.39,HU,2020-06-30 22:21:10
84,fort nelson,59.955315834534474,-120.48391153811293,68.0,60,75,6.93,58.81,-122.7,CA,2020-06-30 13:21:10
85,shasta lake,40.780467255772294,-122.75669619917275,91.99,17,0,1.99,40.68,-122.37,US,2020-06-30 13:21:11
86,omboue,-5.696581511117046,3.18316653830405,71.8,84,0,6.53,-1.57,9.26,GA,2020-06-30 21:21:11
87,bluff,-55.62400103667282,169.1087192955967,39.0,83,100,3.0,-46.6,168.33,NZ,2020-07-01 08:21:11
88,ferrol,47.14662712403734,-9.66054239473695,68.0,88,20,3.36,43.48,-8.24,ES,2020-06-30 22:21:11
89,ahipara,-34.63982759108333,163.13053522131668,52.09,77,20,10.07,-35.17,173.17,NZ,2020-07-01 08:21:12
90,georgetown,-6.959315239251552,-7.058489930390493,82.4,88,20,2.33,5.41,100.34,MY,2020-07-01 04:21:12
91,hit,34.23101885223454,43.09736004596809,89.15,14,0,10.87,33.64,42.83,IQ,2020-06-30 23:17:04
92,olga,41.686480035693364,136.71317297205633,52.5,79,100,5.17,43.74,135.29,RU,2020-07-01 06:21:12
93,butaritari,27.931439694304515,175.16400152082764,82.08,74,28,7.47,3.07,172.79,KI,2020-07-01 08:21:12
94,hermanus,-78.62222722552588,8.834643090559638,51.01,92,88,6.98,-34.42,19.23,ZA,2020-06-30 22:21:13
95,quiindy,-26.030282547027795,-57.25419137791414,62.15,74,1,10.51,-25.97,-57.27,PY,2020-06-30 16:21:13
96,grand bend,43.335733197333184,-81.61997455554196,84.99,85,6,5.99,43.32,-81.75,CA,2020-06-30 16:21:13
97,makakilo city,4.071790790981183,-165.48979464976262,86.0,58,75,9.17,21.35,-158.09,US,2020-06-30 10:20:09
98,ajdabiya,30.64415640920238,20.383090776281165,74.34,70,0,12.01,30.76,20.23,LY,2020-06-30 22:21:13
99,avarua,-48.725523847069326,-162.12625389024345,78.8,69,58,14.99,-21.21,-159.78,CK,2020-06-30 10:21:14
100,east london,-53.62666086229159,44.2716865075806,59.94,73,4,11.88,-33.02,27.91,ZA,2020-06-30 22:21:14
101,saint-joseph,-27.884121149363203,55.530810323102344,68.0,56,0,5.82,-21.37,55.62,RE,2020-07-01 00:21:14
102,malaya purga,56.53067196699857,53.10813532694766,46.99,84,0,0.47,56.56,53.0,RU,2020-07-01 00:21:14
103,norman wells,66.51802244942695,-130.08540447808667,69.8,60,75,18.34,65.28,-126.83,CA,2020-06-30 14:21:15
104,umm lajj,23.33578040848205,35.83011957427203,83.16,52,0,5.91,25.02,37.27,SA,2020-06-30 23:17:07
105,zhigansk,68.00229509381174,125.68310768955052,68.36,56,61,5.82,66.77,123.37,RU,2020-07-01 05:21:15
106,mersin,36.652956750208105,34.794906673319474,75.81,70,0,2.75,36.86,34.65,TR,2020-06-30 23:17:32
107,mahebourg,-41.726659716176044,74.96077816537237,62.6,93,20,4.7,-20.41,57.7,MU,2020-07-01 00:21:16
108,port alfred,-84.55784608619408,49.37090851776378,54.0,91,0,3.0,-33.59,26.89,ZA,2020-06-30 22:21:16
109,pacifica,36.34991962569927,-127.1077717982113,75.99,49,1,12.75,37.61,-122.49,US,2020-06-30 13:19:32
110,colonia,-34.48632243597914,-57.90022869498533,68.0,60,75,11.41,50.93,6.95,DE,2020-06-30 22:17:47
111,saint george,35.98344612944469,-58.1488339964866,87.01,9,1,8.05,37.1,-113.58,US,2020-06-30 14:21:17
112,mar del plata,-44.04744541286274,-47.54951015787924,51.01,76,90,19.46,-38.0,-57.56,AR,2020-06-30 17:21:16
113,dakoro,14.746460405997226,6.63530361552759,94.17,32,0,7.36,14.51,6.76,NE,2020-06-30 21:21:17
114,cayenne,11.317204929553625,-40.804465596549676,86.0,66,20,12.75,4.93,-52.33,GF,2020-06-30 17:21:17
115,vila velha,-24.7307875578516,-28.00487187149662,71.6,83,75,4.7,-20.33,-40.29,BR,2020-06-30 17:17:04
116,banda aceh,2.3535320616163347,90.29386411518715,79.2,80,64,4.25,5.56,95.32,ID,2020-07-01 03:21:18
117,pacific grove,31.741021400371025,-129.65198501249134,81.0,52,1,13.87,36.62,-121.92,US,2020-06-30 13:21:18
118,mogadishu,0.18310466707538353,48.30907470139434,78.98,80,99,20.29,2.04,45.34,SO,2020-06-30 23:21:18
119,mahibadhoo,3.635907303863789,73.16198529545207,83.77,70,36,5.01,3.78,72.97,MV,2020-07-01 01:21:13
120,port hedland,-14.998958880687525,117.4200068814825,64.4,59,92,5.82,-20.32,118.57,AU,2020-07-01 04:21:18
121,sobolevo,55.00835172467498,155.9109612670943,57.45,92,0,5.17,54.43,31.9,RU,2020-06-30 23:21:19
122,torbay,34.859728071973805,-44.479348840743825,73.4,83,90,10.29,47.67,-52.73,CA,2020-06-30 17:51:19
123,axim,-3.1265889262742235,-3.9612149954255926,75.69,83,65,8.28,4.87,-2.24,GH,2020-06-30 20:21:19
124,progreso,24.54285022653407,-90.68332160733551,96.01,50,75,9.17,21.28,-89.67,MX,2020-06-30 15:21:20
125,dikson,80.57525294850015,81.64857475110665,42.28,95,100,1.05,73.51,80.55,RU,2020-07-01 03:21:20
126,yulara,-28.38645080684624,134.00461278406414,41.0,41,1,4.16,-25.24,130.99,AU,2020-07-01 05:51:20
127,fortuna,38.14146780708441,-130.59966711680988,66.0,72,1,19.46,40.6,-124.16,US,2020-06-30 13:21:20
128,faanui,-4.678128327736431,-155.0842574809372,78.31,74,3,25.28,-16.48,-151.75,PF,2020-06-30 10:21:20
129,deniliquin,-35.4629552780591,145.72453509868416,46.0,90,81,9.19,-35.53,144.97,AU,2020-07-01 06:21:21
130,mount pleasant,32.31989401285627,-79.67736236452798,97.0,56,20,5.82,32.79,-79.86,US,2020-06-30 16:21:21
131,palmer,58.30137943223036,-146.2942953657016,72.0,88,75,4.41,42.16,-72.33,US,2020-06-30 16:17:16
132,dongsheng,40.34285634988973,110.63443659228346,69.06,46,100,3.85,39.82,109.98,CN,2020-07-01 04:21:21
133,uyuni,-21.08580272031216,-68.22085242462693,47.57,36,0,15.01,-20.46,-66.83,BO,2020-06-30 16:21:21
134,santa helena,-2.0576311841424655,-45.25869784553538,81.79,86,2,1.61,-2.23,-45.3,BR,2020-06-30 17:21:22
135,kindu,-1.2532673416821467,25.920208703439528,76.68,60,91,2.21,-2.95,25.95,CD,2020-06-30 22:21:22
136,kloulklubed,6.311007106851406,131.60148073936165,75.2,94,75,2.35,7.04,134.26,PW,2020-07-01 05:21:22
137,maceio,-17.021801851499475,-27.48968331983815,77.0,83,40,9.17,-9.67,-35.74,BR,2020-06-30 17:16:30
138,clinton,38.146500524389666,-93.72402228525769,91.99,40,20,5.82,42.59,-82.92,US,2020-06-30 16:16:33
139,isangel,-17.92949524908525,173.34327038933367,68.0,72,40,13.18,-19.55,169.27,VU,2020-07-01 07:21:23
140,hithadhoo,-8.685457227322871,82.04741830824719,84.31,64,0,1.88,-0.6,73.08,MV,2020-07-01 01:21:23
141,tahe,51.7532162297984,124.25924038989865,58.77,66,0,2.86,52.33,124.73,CN,2020-07-01 04:21:23
142,tres arroyos,-37.68155771955355,-60.62014828462455,43.45,86,100,13.22,-38.37,-60.28,AR,2020-06-30 17:21:23
143,pangnirtung,70.18423334339332,-63.97215541701844,37.4,93,90,11.41,66.15,-65.71,CA,2020-06-30 16:21:24
144,vagur,60.22782809750865,-5.797166484236442,48.85,76,100,22.32,61.47,-6.81,FO,2020-06-30 21:21:24
145,khatanga,79.30030854411294,99.40050923315488,66.7,70,16,3.56,71.97,102.5,RU,2020-07-01 03:21:24
146,kapaa,38.168318839104074,-154.5354038586576,82.4,69,40,11.41,22.08,-159.32,US,2020-06-30 10:21:24
147,iqaluit,64.89930323230425,-70.563870505503,44.6,70,40,8.05,63.75,-68.51,CA,2020-06-30 16:21:25
148,bethel,64.02849641635908,-159.21220626409215,72.0,78,75,6.93,41.37,-73.41,US,2020-06-30 16:17:25
149,kutum,18.230943982564824,25.657159946765574,79.38,44,28,10.65,14.2,24.67,SD,2020-06-30 22:21:25
150,upernavik,89.37177400221526,-46.328501387972494,40.35,74,82,10.71,72.79,-56.15,GL,2020-06-30 18:21:25
151,los llanos de aridane,25.736041288028673,-24.56119966845671,71.6,78,75,13.87,28.66,-17.92,ES,2020-06-30 21:21:25
152,poum,-19.55052113292753,157.5929290294289,68.79,63,0,19.13,-20.23,164.02,NC,2020-07-01 07:21:26
153,mulanje,-16.223568091062035,35.744764394647376,60.78,79,78,8.59,-16.03,35.5,MW,2020-06-30 22:21:26
154,mount gambier,-56.49492704121643,129.02865209500482,42.8,87,0,11.41,-37.83,140.77,AU,2020-07-01 05:51:26
155,maldonado,-35.87727394010419,-54.10026509727672,54.0,93,90,27.51,-34.67,-54.92,UY,2020-06-30 17:21:26
156,sistranda,65.68516258397054,8.9535256332193,50.0,76,40,11.41,63.73,8.83,NO,2020-06-30 22:21:27
157,oranjestad,13.14426040229391,-69.5232471593885,89.6,66,40,21.92,12.52,-70.03,AW,2020-06-30 16:18:27
158,mogzon,50.9075999370684,111.53291594069316,52.07,91,84,2.42,51.74,111.96,RU,2020-07-01 05:21:27
159,biak,1.2325448583721936,136.03335222188912,75.99,84,83,6.53,-0.91,122.88,ID,2020-07-01 04:21:27
160,mongoumba,2.963472508907927,18.345842830187706,70.72,96,95,2.1,3.64,18.59,CF,2020-06-30 21:21:27
161,taywarah,33.415627288546816,63.29949434328597,58.62,34,0,1.05,33.35,64.42,AF,2020-07-01 00:51:28
162,chokurdakh,74.1847631079558,144.80785751889692,47.8,49,2,9.06,70.63,147.92,RU,2020-07-01 07:21:28
163,tulsipur,28.506215573735005,82.16845936806453,75.49,80,5,2.91,28.13,82.3,NP,2020-07-01 02:06:28
164,andalucia,4.123699521882074,-76.09353984976951,80.6,65,75,4.7,4.17,-76.17,CO,2020-06-30 15:21:28
165,asau,-9.456079718902913,179.09580336005928,60.01,92,7,3.09,46.43,26.4,RO,2020-06-30 23:21:28
166,mount isa,-17.144691138710385,139.7920661569243,57.2,58,7,5.82,-20.73,139.5,AU,2020-07-01 06:21:29
167,urengoy,65.76902104621823,79.05601595104196,51.51,83,76,9.57,65.97,78.37,RU,2020-07-01 01:21:29
168,road town,17.829123832293973,-64.79541206841985,87.8,66,40,8.05,18.42,-64.62,VG,2020-06-30 16:20:40
169,sadalgi,16.617461790520466,74.56852847241154,73.87,87,100,6.76,16.57,74.55,IN,2020-07-01 01:51:29
170,ternate,1.9922041426865604,130.03625347510155,79.86,77,38,3.38,0.8,127.4,ID,2020-07-01 05:21:29
171,los altos hills,37.34415448471226,-122.1904572428444,91.99,22,1,9.17,37.38,-122.14,US,2020-06-30 13:21:30
172,verkhoyansk,69.07855106653602,133.53363765528007,66.13,40,96,3.22,67.54,133.38,RU,2020-07-01 06:21:30
173,plast,54.31495647552816,60.947218437760114,44.73,94,10,4.9,54.37,60.81,RU,2020-07-01 01:21:30
174,clyde river,73.35781445591667,-66.80051782582304,35.6,93,75,11.41,70.47,-68.59,CA,2020-06-30 16:21:31
175,inhambane,-24.83321630444064,37.03775511090879,67.39,82,65,10.45,-23.86,35.38,MZ,2020-06-30 22:21:31
176,severo-kurilsk,46.86150527135686,159.0137421041548,47.59,81,21,14.14,50.68,156.12,RU,2020-07-01 07:21:31
177,aklavik,72.56901793424828,-138.00672845677525,66.2,48,75,4.7,68.22,-135.01,CA,2020-06-30 14:21:31
178,saldanha,-35.0641609777558,7.023109074886463,57.2,82,0,2.24,-33.01,17.94,ZA,2020-06-30 22:21:31
179,usinsk,68.7391022014713,56.89509965499033,42.78,77,54,11.52,65.99,57.53,RU,2020-06-30 23:21:32
180,singaparna,-7.437178140281603,108.05549028735726,70.84,91,95,1.39,-7.35,108.11,ID,2020-07-01 03:21:32
181,takoradi,2.0915425893647495,-0.5405633255464295,75.67,84,7,8.63,4.88,-1.76,GH,2020-06-30 20:21:32
182,flinders,-34.98243034303744,132.42353253857436,50.0,87,0,1.01,-34.58,150.86,AU,2020-07-01 06:21:32
183,zeya,56.48962983206525,128.41704765829434,65.01,60,29,4.72,53.75,127.27,RU,2020-07-01 05:21:33
184,deer lake,49.965075875739785,-58.09922133621984,84.2,54,40,12.75,49.17,-57.43,CA,2020-06-30 17:51:33
185,kahului,34.83616506176634,-151.54277255841197,87.8,48,40,20.8,20.89,-156.47,US,2020-06-30 10:21:33
186,la montanita,1.3572829754332645,-75.29856038379525,87.57,55,5,1.79,1.48,-75.44,CO,2020-06-30 15:21:33
187,lasa,32.10780919611406,93.44304391535911,64.4,82,40,8.05,46.62,10.7,IT,2020-06-30 22:21:34
188,bowen,-20.693192129843652,148.19494342401725,66.0,93,90,6.93,-20.02,148.23,AU,2020-07-01 06:21:34
189,kosh-agach,50.31871934768938,89.29809567662124,45.28,89,95,2.21,50.0,88.67,RU,2020-07-01 03:21:34
190,swidnik,51.0438249621636,22.723364139907062,64.4,82,0,6.93,51.22,22.7,PL,2020-06-30 22:21:35
191,prieska,-30.15089108199021,22.706258075754647,49.14,47,0,4.43,-29.66,22.75,ZA,2020-06-30 22:21:35
192,coquimbo,-27.389149440923212,-86.22002105398165,60.8,67,14,11.41,-29.95,-71.34,CL,2020-06-30 16:21:35
193,lagoa,48.13914394901744,-32.35065544450026,66.42,93,100,6.06,39.05,-27.98,PT,2020-06-30 20:21:36
194,anadyr,62.64947918581311,177.19230636654373,44.6,87,90,2.24,64.75,177.48,RU,2020-07-01 08:21:36
195,tura,66.61827766040452,99.89800882309873,74.82,92,87,3.53,25.52,90.22,IN,2020-07-01 01:51:36
196,nishihara,20.242533087249285,136.05661922785646,84.2,88,75,20.8,26.18,127.76,JP,2020-07-01 05:21:36
197,nichinan,28.925867163955147,134.8502733443015,69.01,100,82,5.99,31.6,131.37,JP,2020-07-01 05:21:36
198,taber,49.78086535542093,-112.1852915410233,52.0,93,90,21.92,49.82,-112.15,CA,2020-06-30 14:21:37
199,montrose,38.46863818787537,-107.80907720721626,73.4,13,1,9.17,38.42,-108.27,US,2020-06-30 14:21:37
200,sakakah,29.651807968459167,42.569660788694506,87.8,11,0,4.7,29.97,40.21,SA,2020-06-30 23:21:37
201,longyearbyen,80.57994252076077,22.79004417135033,44.6,57,75,6.93,78.22,15.64,SJ,2020-06-30 22:21:37
202,itarema,4.835835815516845,-37.47691098982477,79.43,75,0,11.23,-2.92,-39.92,BR,2020-06-30 17:21:38
203,tucurui,-3.686637378082679,-49.62105285089069,85.21,68,80,1.3,-3.77,-49.67,BR,2020-06-30 17:21:02
204,puerto ayora,-20.43580616197687,-102.529435672376,78.8,69,40,20.8,-0.74,-90.35,EC,2020-06-30 14:21:38
205,chuy,-54.08127701109948,-30.316536163780967,57.61,96,100,10.56,-33.7,-53.46,UY,2020-06-30 17:21:38
206,itaueira,-7.4321759303530115,-42.98571365893693,87.26,42,45,4.68,-7.6,-43.03,BR,2020-06-30 17:21:38
207,hofn,67.53864671846566,-13.331836924236114,44.53,77,76,9.53,64.25,-15.21,IS,2020-06-30 20:21:39
208,dubrovnik,42.479925325197996,18.115293027689887,77.0,78,0,9.17,42.65,18.09,HR,2020-06-30 22:21:39
209,berlevag,77.69154704911932,31.19959460211001,41.0,86,75,17.22,70.86,29.09,NO,2020-06-30 22:21:40
210,watsa,3.669692436152772,29.06335014674974,64.94,98,96,2.1,3.04,29.54,CD,2020-06-30 22:21:40
211,ravar,31.183187120453823,57.99846906598623,82.27,16,0,7.14,31.27,56.81,IR,2020-07-01 00:51:40
212,qingdao,35.8029505164029,121.34836751190625,70.0,88,0,2.24,36.1,120.37,CN,2020-07-01 04:21:40
213,alta floresta,-9.569560135030358,-56.20961905235767,95.0,34,75,3.36,-9.88,-56.09,BR,2020-06-30 16:21:41
214,ribeira grande,47.70875823248244,-35.69743911033498,71.6,83,40,17.22,38.52,-28.7,PT,2020-06-30 20:21:41
215,besuki,-7.878123412348458,113.67782396521909,77.63,73,0,4.23,-7.73,113.7,ID,2020-07-01 03:21:41
216,rawson,-46.4983187959955,-61.38739629047835,45.95,88,100,19.82,-43.3,-65.1,AR,2020-06-30 17:21:41
217,urumqi,42.99768755477362,88.38933446036714,60.8,63,0,4.47,43.8,87.6,CN,2020-07-01 04:21:41
218,atherton,-17.639492301491728,143.78281176119134,60.01,74,73,1.01,53.52,-2.49,GB,2020-06-30 21:21:42
219,taoudenni,22.41675843700655,-6.7831951082368676,102.81,8,0,11.45,22.68,-3.98,ML,2020-06-30 20:21:42
220,la ligua,-32.49179492400065,-71.210986985973,60.8,72,62,3.56,-32.45,-71.23,CL,2020-06-30 16:21:42
221,vestmanna,68.35091959898321,-8.46561211849567,48.2,66,100,10.29,62.16,-7.17,FO,2020-06-30 21:21:42
222,san cristobal,-10.33336303423161,-89.12625804122989,96.8,25,40,19.46,7.77,-72.22,VE,2020-06-30 16:21:43
223,chegdomyn,50.91144131085187,133.33279371418632,58.44,78,73,1.16,51.12,133.02,RU,2020-07-01 06:21:43
224,carballo,46.316613799303866,-10.741509647222841,68.0,77,31,1.01,43.21,-8.69,ES,2020-06-30 22:21:43
225,zambezi,-13.452745621888795,22.68464082075036,62.73,44,0,6.08,-13.54,23.1,ZM,2020-06-30 22:21:43
226,sao joao da barra,-23.26528977600644,-39.1791535165581,75.2,64,53,16.11,-21.64,-41.05,BR,2020-06-30 17:21:44
227,masindi,1.8148724917114976,31.734956066378004,65.39,90,71,2.95,1.67,31.71,UG,2020-06-30 23:21:44
228,crowley,30.18772299253304,-92.31155329949758,91.99,67,54,4.0,30.21,-92.37,US,2020-06-30 15:21:44
229,bouna,9.498073960289048,-3.8700249626558048,76.5,79,4,5.97,9.27,-3.0,CI,2020-06-30 20:21:44
230,tuatapere,-48.72476268860886,161.24164710578083,39.0,83,96,3.0,-46.13,167.68,NZ,2020-07-01 08:21:44
231,bardiyah,32.22140086480671,25.020972704380995,73.2,87,0,17.05,31.76,25.09,LY,2020-06-30 22:21:45
232,castro,-46.345042196323696,-100.07139524023302,62.71,84,60,24.61,-24.79,-50.01,BR,2020-06-30 17:21:45
233,oriximina,1.1509745299355245,-57.236369732443805,84.47,77,29,3.62,-1.77,-55.87,BR,2020-06-30 17:21:45
234,bubaque,10.651616187823038,-15.801732917762877,80.98,79,94,11.36,11.28,-15.83,GW,2020-06-30 20:21:45
235,laguna,-35.50399367979141,-41.8506890479745,91.99,22,1,5.82,38.42,-121.42,US,2020-06-30 13:21:45
236,lorengau,-0.3258307829430862,148.63226090977219,81.97,70,99,4.38,-2.02,147.27,PG,2020-07-01 06:21:46
237,trapani,39.40737470884687,12.012001759921873,77.0,94,0,10.29,37.83,12.67,IT,2020-06-30 22:21:46
238,aykhal,66.70442448457194,109.10237931442464,69.8,40,0,4.47,66.0,111.5,RU,2020-07-01 05:21:46
239,te anau,-39.166879775179275,160.3491210323699,37.76,85,88,3.27,-45.42,167.72,NZ,2020-07-01 08:21:46
240,nabire,-5.0279963014529585,136.19337404850648,74.52,88,100,3.96,-3.37,135.48,ID,2020-07-01 05:21:46
241,port macquarie,-34.527477083909595,159.9484575882439,46.0,93,2,3.36,-31.43,152.92,AU,2020-07-01 06:21:47
242,montego bay,19.2122671830583,-78.08979208477844,78.8,83,75,4.7,18.47,-77.92,JM,2020-06-30 15:21:47
243,ust-nera,63.86732510672897,140.58364407679073,55.56,58,0,3.11,64.57,143.2,RU,2020-07-01 06:21:47
244,alexandria,30.500889700665027,29.58770933948466,77.0,78,0,9.17,31.22,29.96,EG,2020-06-30 22:21:48
245,roald,68.6122969714055,2.920961612361168,52.0,81,75,19.46,62.58,6.13,NO,2020-06-30 22:21:48
246,tual,-7.284546120490262,131.00371410860123,79.32,84,94,19.37,-5.67,132.75,ID,2020-07-01 05:21:48
247,carauari,-5.166551203567181,-65.9048976218025,83.1,80,96,3.15,-4.88,-66.9,BR,2020-06-30 16:21:48
248,padang,-7.210651233502432,89.5819041984497,76.87,77,4,4.79,-0.95,100.35,ID,2020-07-01 03:21:49
249,coihueco,-36.96984927548724,-70.04351908751384,53.6,87,90,5.82,-36.62,-71.83,CL,2020-06-30 16:21:49
250,cherskiy,80.10021961607677,157.84232688149189,46.69,66,46,8.43,68.75,161.3,RU,2020-07-01 07:21:49
251,leningradskiy,76.54416163674625,179.47652937854468,34.45,97,100,4.65,69.38,178.42,RU,2020-07-01 08:21:49
252,dhadar,29.62121375009737,67.60648088812087,96.94,27,0,7.02,28.33,75.06,IN,2020-07-01 01:51:49
253,puerto cabezas,13.824634996781555,-83.29613308254623,87.8,74,40,6.93,14.04,-83.39,NI,2020-06-30 14:21:50
254,otavi,12.682237860717237,123.91108000869741,55.26,33,0,9.24,-19.65,17.33,NA,2020-06-30 22:21:51
255,vilcun,-38.58491951167556,-70.32632770414351,52.0,87,90,14.99,-38.65,-72.23,CL,2020-06-30 16:21:51
256,xingcheng,40.42568039782586,120.30665128058337,71.94,66,0,6.2,40.62,120.72,CN,2020-07-01 04:21:52
257,ishigaki,21.076053874607084,126.08695333612837,84.4,83,100,21.88,24.34,124.16,JP,2020-07-01 05:21:52
258,malandag,6.284110671103122,125.29724897102597,73.71,90,58,1.48,6.31,125.24,PH,2020-07-01 04:21:52
259,amberley,-43.776927733091384,174.39428039802618,84.0,78,75,10.29,39.2,-84.43,US,2020-06-30 16:21:52
260,vauvert,43.61349777840087,4.318147739876679,75.0,73,13,9.17,43.7,4.28,FR,2020-06-30 22:21:53
261,constitucion,16.055975617906327,-121.22584765255463,55.44,73,100,3.65,-35.33,-72.42,CL,2020-06-30 16:21:53
262,cockburn town,23.11268566071888,-73.6140989117504,87.8,62,40,11.41,21.46,-71.14,TC,2020-06-30 16:21:53
263,olafsvik,56.98945553323091,-29.267577925489036,50.36,88,62,9.22,64.89,-23.71,IS,2020-06-30 20:21:53
264,merauke,-7.340966153748525,138.36615872501625,75.51,83,68,14.38,-8.47,140.33,ID,2020-07-01 05:21:54
265,pisco,-19.90431819136144,-86.3651419490861,66.99,80,90,5.99,-13.7,-76.22,PE,2020-06-30 15:21:54
266,rapid valley,43.511975031362056,-101.80365771632303,72.0,56,90,10.29,44.06,-103.15,US,2020-06-30 14:21:54
267,bara,16.246779141217246,29.53925416199388,78.82,67,37,8.72,10.37,10.73,NG,2020-06-30 21:21:54
268,san jose,17.686540289682497,-89.79715637558559,93.0,22,1,9.17,37.34,-121.89,US,2020-06-30 13:20:27
269,esso,55.785895111015236,159.29645633578787,58.23,78,91,1.81,55.93,158.7,RU,2020-07-01 08:21:55
270,esperance,-32.46852342334191,126.79761132689015,56.1,63,68,26.6,-33.87,121.9,AU,2020-07-01 04:21:55
271,kumphawapi,17.006392007621045,102.94122254430937,78.39,85,100,12.01,17.11,103.01,TH,2020-07-01 03:21:55
272,tasiilaq,76.57745647832405,-38.73853078453743,44.6,83,100,29.97,65.61,-37.64,GL,2020-06-30 18:21:55
273,kruisfontein,-50.98568899122641,26.88326200037656,51.55,78,0,4.5,-34.0,24.73,ZA,2020-06-30 22:21:56
274,acapulco,12.972321974262897,-102.12999973166926,87.8,74,40,8.05,16.86,-99.89,MX,2020-06-30 15:18:20
275,kungurtug,50.23287864942995,97.45841467683579,55.62,74,100,2.64,50.6,97.52,RU,2020-07-01 03:21:56
276,jiana,44.43984311450606,22.701776811574746,65.12,67,0,3.6,44.4,22.71,RO,2020-06-30 23:21:56
277,petropavlovsk-kamchatskiy,53.47172236254539,159.64086963963774,55.4,82,20,6.71,53.05,158.65,RU,2020-07-01 08:21:56
278,faya,20.35629417814671,23.7329681006928,77.0,50,40,4.7,18.39,42.45,SA,2020-06-30 23:21:57
279,bad lippspringe,51.73468133660424,8.813703504569219,64.99,68,100,11.32,51.78,8.82,DE,2020-06-30 22:21:57
280,pizarro,2.4338140005488356,-79.884192537017,80.01,82,100,7.31,4.95,-77.37,CO,2020-06-30 15:21:57
281,huilong,32.305271741604244,124.47014664560407,75.0,92,61,6.24,31.81,121.66,CN,2020-07-01 04:21:57
282,kavaratti,11.922399131387209,67.86035114039413,83.46,76,100,18.54,10.57,72.64,IN,2020-07-01 01:51:57
283,ostrovnoy,78.66841594655813,40.94953385077372,56.12,55,100,16.49,68.05,39.51,RU,2020-06-30 23:21:04
284,platanos,35.559526679165685,23.519155050790005,77.0,83,0,2.21,37.67,21.62,GR,2020-06-30 23:21:58
285,camacha,33.300633677550266,-13.955484097838195,69.8,73,20,12.75,33.08,-16.33,PT,2020-06-30 21:21:58
286,evensk,64.10962133791205,159.94489868323433,52.34,47,0,8.68,61.95,159.23,RU,2020-07-01 07:21:59
287,pinega,64.69900582213612,44.053623529310414,54.95,60,73,11.77,64.7,43.39,RU,2020-06-30 23:21:59
288,port-gentil,-1.9499143292109409,6.627526885248528,75.2,83,90,9.17,-0.72,8.78,GA,2020-06-30 21:21:59
289,sterling,60.74585158142398,-150.43053874094153,90.0,38,20,5.82,39.01,-77.43,US,2020-06-30 16:21:59
290,varberg,57.29165205923121,12.387621863636554,59.0,85,59,28.01,57.11,12.25,SE,2020-06-30 22:21:59
291,banjarmasin,-3.652915711838858,114.16492073273321,72.86,96,0,2.24,-3.32,114.59,ID,2020-07-01 04:22:00
292,dicabisagan,17.377062670881813,122.46202101995908,79.45,80,100,3.76,17.08,122.42,PH,2020-07-01 04:22:00
293,huangpi,30.81262739616328,114.2849243658465,77.0,88,41,4.47,30.88,114.38,CN,2020-07-01 04:22:00
294,tiksi,79.68947699655035,131.93520709410842,45.86,63,0,5.3,71.69,128.87,RU,2020-07-01 05:22:00
295,floro,61.50456615641906,4.842273520381724,57.2,58,40,19.46,61.6,5.03,NO,2020-06-30 22:22:01
296,alice springs,-22.565507856411728,133.3107333444358,42.8,35,0,5.66,-23.7,133.88,AU,2020-07-01 05:52:01
297,dodge city,38.02913814938776,-100.01332683652649,100.99,15,1,13.56,37.75,-100.02,US,2020-06-30 15:18:38
298,dunda,-8.02673115291256,34.77260483085297,65.26,65,58,2.59,-8.12,34.25,TZ,2020-06-30 23:22:01
299,egvekinot,67.13467392674127,-178.74795186363554,34.41,98,100,10.74,66.32,-179.17,RU,2020-07-01 08:22:02
300,dobruska,50.2885974036692,16.222248146217424,68.0,64,5,4.7,50.29,16.16,CZ,2020-06-30 22:22:02
301,narsaq,87.04625289161359,-60.075732525857774,53.6,54,75,11.41,60.92,-46.05,GL,2020-06-30 18:22:02
302,honningsvag,77.89535868449084,26.024232367479954,41.0,93,75,20.8,70.98,25.97,NO,2020-06-30 22:22:02
303,panzhihua,26.44427738097876,101.90533674343612,72.32,78,100,1.21,26.59,101.71,CN,2020-07-01 04:22:03
304,sitka,51.178787021178124,-139.05462056650288,57.2,71,90,12.75,57.05,-135.33,US,2020-06-30 12:19:47
305,tabas,34.37575011312917,57.16797747076842,93.2,14,0,2.24,33.6,56.92,IR,2020-07-01 00:52:03
306,santa isabel,28.11885848038203,-113.45195963092029,77.0,44,100,14.99,-23.32,-46.22,BR,2020-06-30 17:22:03
307,san quintin,23.71571723733433,-122.72540292252982,69.3,59,0,13.49,30.48,-115.95,MX,2020-06-30 13:22:03
308,visby,58.23256317177987,19.92392999878092,62.01,72,41,21.92,57.64,18.3,SE,2020-06-30 22:22:04
309,belmonte,-18.156053798178633,-31.68223276201445,77.0,73,40,8.05,-15.86,-38.88,BR,2020-06-30 17:22:04
310,clarence town,22.0298699255856,-73.79526332023721,46.99,100,0,6.93,-32.58,151.78,AU,2020-07-01 06:22:04
311,hirara,27.197661963244997,124.70587420600015,84.09,85,100,21.5,24.8,125.28,JP,2020-07-01 05:22:05
312,palauig,14.951284730469723,117.71310251512648,81.63,74,100,5.5,15.44,119.9,PH,2020-07-01 04:22:05
313,katobu,-5.20819848157862,124.94280862187969,72.46,93,1,3.83,-4.94,122.53,ID,2020-07-01 04:22:05
314,rabo de peixe,38.89882539709299,-25.34651086160315,68.0,94,75,3.36,37.8,-25.58,PT,2020-06-30 20:22:05
315,half moon bay,28.583906190949406,-137.25864279744732,75.99,57,5,11.41,37.46,-122.43,US,2020-06-30 13:22:06
316,elizabeth city,33.61899693645337,-71.11932749450301,93.0,46,75,5.82,36.29,-76.25,US,2020-06-30 16:19:29
317,aden,13.397978777564973,46.03520320025254,88.36,68,93,5.97,12.78,45.04,YE,2020-06-30 23:17:17
318,saint anthony,52.48582555831669,-55.56165530892768,89.01,62,20,12.75,45.02,-93.22,US,2020-06-30 15:19:12
319,sawakin,20.250766548572685,37.32180892449935,89.56,42,98,9.19,19.11,37.33,SD,2020-06-30 22:22:07
320,venado,23.04266532588288,-100.73898267897684,82.42,33,31,8.41,22.93,-101.08,MX,2020-06-30 15:22:07
321,adrar,27.203113856883775,0.23484391229561652,101.64,13,16,5.17,20.5,-10.07,MR,2020-06-30 20:22:07
322,guerrero negro,20.429394396902538,-122.77075963252838,76.01,49,0,14.79,27.98,-114.06,MX,2020-06-30 14:22:07
323,carmen,19.27880337487626,-92.16332200623637,93.2,56,20,10.29,18.63,-91.83,MX,2020-06-30 15:18:47
324,general roca,-37.73898335861786,-66.83568270515649,50.0,61,20,8.05,-39.03,-67.58,AR,2020-06-30 17:20:02
325,victoria point,-27.020495027937613,154.57363053574204,55.0,93,0,6.06,-27.58,153.3,AU,2020-07-01 06:22:08
326,kosa,60.38115553082267,55.48730805031255,39.85,88,0,0.87,59.94,55.0,RU,2020-07-01 01:22:08
327,santo antonio do ica,-3.5870553491554915,-67.33608289990742,82.72,83,58,2.62,-3.1,-67.94,BR,2020-06-30 16:22:08
328,baykit,60.40645533641063,96.88441498083154,56.23,63,0,0.81,61.67,96.37,RU,2020-07-01 03:22:08
329,campbell river,50.65903938903131,-125.10558545009789,68.0,42,20,17.22,50.02,-125.24,CA,2020-06-30 13:21:45
330,jalingo,7.962439948083386,11.29899538825265,74.5,84,9,2.48,8.88,11.37,NG,2020-06-30 21:22:09
331,auki,-7.970671879501666,162.34295699740557,76.33,83,7,4.38,-8.77,160.7,SB,2020-07-01 07:22:09
332,santa ana,-12.618087296274453,-73.17600942190568,81.0,56,75,8.05,33.75,-117.87,US,2020-06-30 13:20:15
333,luderitz,-30.10660530582723,3.401397673090031,69.8,21,0,8.05,-26.65,15.16,NA,2020-06-30 22:22:09
334,villarrica,-38.923670995267784,-70.9413571266676,63.07,79,37,7.38,-25.75,-56.43,PY,2020-06-30 16:22:10
335,khangarh,29.723554921456227,71.07067759599795,84.2,70,40,4.7,29.92,71.16,PK,2020-07-01 01:22:10
336,kamaishi,35.650050256972676,147.71326159540507,70.11,89,100,8.48,39.27,141.88,JP,2020-07-01 05:22:10
337,luanda,-9.443669004430149,11.856842988789055,73.4,88,40,5.82,-8.84,13.23,AO,2020-06-30 21:19:51
338,altay,46.3407714457974,87.10099929642382,48.7,77,1,0.78,47.87,88.12,CN,2020-07-01 04:22:10
339,kyakhta,50.383799055961475,106.67189191768102,59.63,72,0,5.61,50.35,106.45,RU,2020-07-01 04:22:11
340,tongzi,28.120143144299647,107.74541367891436,74.37,92,100,1.52,28.78,105.09,CN,2020-07-01 04:22:11
341,karratha,-15.996270143172652,110.75781211933275,71.82,52,100,3.31,-20.74,116.85,AU,2020-07-01 04:22:11
342,nanortalik,53.783733232895486,-37.84509882571703,40.73,89,97,4.34,60.14,-45.24,GL,2020-06-30 18:22:12
343,shimoda,28.820394945701736,140.29432294562997,71.01,93,100,23.13,34.67,138.95,JP,2020-07-01 05:22:13
344,vila franca do campo,39.5986571771374,-20.93210835838312,68.0,94,75,3.36,37.72,-25.43,PT,2020-06-30 20:22:14
345,filingue,16.105021175560694,3.4876240309048114,93.31,37,98,3.58,14.35,3.32,NE,2020-06-30 21:22:14
346,barcelona,10.913847851526953,-65.3911306312141,77.0,83,20,3.36,41.39,2.16,ES,2020-06-30 22:17:48
347,anchorage,61.28301765308336,-150.43391517728105,64.0,55,75,4.7,61.22,-149.9,US,2020-06-30 12:22:15
348,saskylakh,71.70739435270605,118.88974056931352,78.62,38,86,8.25,71.92,114.08,RU,2020-07-01 05:22:15
349,fairview,56.47897066658555,-118.05732401150897,80.01,65,20,9.17,40.81,-74.0,US,2020-06-30 16:22:18
350,tautira,-19.851788885296017,-143.83216438324337,82.4,54,20,2.24,-17.73,-149.15,PF,2020-06-30 10:22:18
351,tamasi,46.70961383475739,18.3084478374862,68.47,72,1,5.01,46.63,18.28,HU,2020-06-30 22:22:18
352,nouadhibou,21.759345139900375,-17.933463917626483,69.8,83,0,18.34,20.93,-17.03,MR,2020-06-30 20:22:18
353,tamiahua,21.497082242222277,-96.11623702321256,87.44,67,40,12.44,21.27,-97.45,MX,2020-06-30 15:22:19
354,banikoara,11.000301742444677,2.3727114321858664,79.43,69,96,1.32,11.3,2.44,BJ,2020-06-30 21:22:19
355,luau,-10.013579582412675,23.760923015696733,64.35,37,0,3.38,-10.71,22.22,AO,2020-06-30 21:22:19
356,doha,28.75725219998546,46.34597112624371,91.4,55,0,2.24,25.29,51.53,QA,2020-06-30 23:19:22
357,nome,61.37578110692911,-166.24710797973762,51.01,87,20,16.11,64.5,-165.41,US,2020-06-30 12:22:20
358,tomakomai,42.58757850687044,141.8564160950151,68.0,100,75,5.82,42.64,141.6,JP,2020-07-01 05:22:20
359,viedma,-42.20129625043991,-61.88959153261243,46.24,81,100,5.21,-40.81,-63.0,AR,2020-06-30 17:20:44
360,voi,-2.5405318780574646,38.93196261546032,68.92,85,47,12.3,-3.39,38.56,KE,2020-06-30 23:22:20
361,yashan,22.086815488835043,109.91537170974209,77.34,93,100,2.28,22.2,109.94,CN,2020-07-01 04:22:21
362,rawlins,42.088885034856474,-107.21740344107116,51.8,71,75,9.17,41.79,-107.24,US,2020-06-30 14:22:21
363,storsteinnes,68.95604308832696,19.71849020945959,46.4,75,75,4.7,69.24,19.23,NO,2020-06-30 22:22:21
364,menongue,-15.785527681064224,18.74999579207301,53.65,40,0,4.52,-14.66,17.69,AO,2020-06-30 21:22:22
365,catuday,16.814885493507305,118.12176669258054,80.56,82,76,10.02,16.29,119.81,PH,2020-07-01 04:22:22
366,ixtapa,12.144337289467856,-104.08697714520986,87.01,70,20,11.41,20.7,-105.2,MX,2020-06-30 15:22:22
367,sines,38.100554086463745,-9.106996570255262,64.99,85,0,8.01,37.96,-8.87,PT,2020-06-30 21:22:22
368,abeche,13.900208852103162,20.694741799137546,82.36,56,100,1.12,13.83,20.83,TD,2020-06-30 21:22:23
369,anloga,2.1970940408325816,2.570530084917806,78.8,83,20,8.05,5.79,0.9,GH,2020-06-30 20:22:23
370,hobyo,2.781303693179538,55.14626527785501,80.15,72,100,27.0,5.35,48.53,SO,2020-06-30 23:22:23
371,corbeanca,44.585764201999154,26.017759891962783,78.8,65,0,11.41,44.6,26.05,RO,2020-06-30 23:22:23
372,cabugao,13.60738014583373,124.2612679653497,78.19,85,93,6.17,17.79,120.46,PH,2020-07-01 04:22:25
373,williston,48.27043105800223,-104.1187220827661,64.4,100,90,8.05,48.15,-103.62,US,2020-06-30 15:18:56
374,vanavara,63.141783779611245,103.32345896458179,61.25,96,74,3.78,60.34,102.28,RU,2020-07-01 03:22:25
375,tabuk,26.844995296880512,37.447599311550704,74.25,85,100,1.74,17.42,121.44,PH,2020-07-01 04:22:26
376,valley city,47.058713585581444,-98.33655251528921,78.8,100,75,12.75,46.92,-98.0,US,2020-06-30 15:22:26
377,mahenge,-8.576842589718964,37.33108048081874,63.91,83,90,3.11,-8.68,36.72,TZ,2020-06-30 23:22:26
378,manitouwadge,48.54996068532256,-85.36409874570425,75.2,57,75,4.7,49.12,-85.84,CA,2020-06-30 16:22:26
379,harur,11.946955723344729,78.78451216744327,78.19,78,100,3.69,12.07,78.5,IN,2020-07-01 01:52:26
380,ossora,57.79249016077543,164.98279758050842,51.57,73,100,10.85,59.24,163.07,RU,2020-07-01 08:22:27
381,namatanai,-0.7841552737852311,154.8282965457767,78.84,80,100,5.73,-3.67,152.43,PG,2020-07-01 06:22:27
382,pozzallo,36.46153086895217,14.763101207650692,77.0,53,0,4.7,36.73,14.85,IT,2020-06-30 22:22:27
383,mambajao,9.33902270015625,124.76827248568583,81.66,73,99,0.63,9.25,124.72,PH,2020-07-01 04:22:27
384,campos altos,-19.827062460803802,-46.19632728705355,67.51,67,36,6.89,-19.7,-46.17,BR,2020-06-30 17:22:27
385,katsuura,21.434278217698335,145.0276794203918,75.99,94,75,9.17,35.13,140.3,JP,2020-07-01 05:22:28
386,moron,48.149787801222516,100.3782777330614,51.8,87,90,18.34,-34.65,-58.62,AR,2020-06-30 17:22:28
387,puerto colombia,12.334329814295444,-76.72306812099804,89.6,66,40,6.93,10.99,-74.95,CO,2020-06-30 15:22:28
388,huicheng,21.895225771740257,116.9469530038719,80.6,100,20,4.23,23.04,116.29,CN,2020-07-01 04:22:28
389,havre-saint-pierre,55.76042096421017,-63.457290962584594,73.4,64,1,6.93,50.23,-63.6,CA,2020-06-30 16:22:29
390,korla,39.99971508470395,88.30802087142433,72.61,21,0,9.33,41.76,86.15,CN,2020-07-01 04:22:29
391,northam,-31.526134142129443,119.24888345287627,57.99,95,91,7.0,51.03,-4.22,GB,2020-06-30 21:22:29
392,anshun,25.78938734692761,106.0654967566403,67.62,97,100,3.69,26.25,105.93,CN,2020-07-01 04:22:29
393,jijiga,9.550202630951759,43.06897702910416,66.74,73,97,14.54,9.35,42.8,ET,2020-06-30 23:22:30
394,salalah,14.7023323340092,60.307914236158666,84.2,89,75,9.17,17.02,54.09,OM,2020-07-01 00:22:30
395,bangangte,5.005560107990149,10.882863461646934,61.9,100,97,1.97,5.14,10.52,CM,2020-06-30 21:22:30
396,loandjili,-4.493707159950816,10.882211051637995,73.4,83,20,3.36,-4.76,11.86,CG,2020-06-30 21:22:30
397,krasnoselkup,62.95608445358519,81.41602369959082,53.65,88,41,24.23,65.7,82.47,RU,2020-07-01 01:22:30
398,pontianak,-0.0570612590986741,109.7445709589511,74.89,94,100,2.98,-0.03,109.33,ID,2020-07-01 03:22:31
399,tambovka,47.217885610611546,47.70976781156293,59.0,93,62,6.64,50.1,128.05,RU,2020-07-01 05:22:31
400,marihatag,8.816217546461402,127.42447722517,78.82,83,98,2.62,8.79,126.3,PH,2020-07-01 04:22:31
401,lavrentiya,75.77014445501422,-169.51874524389703,44.55,76,100,10.67,65.58,-171.0,RU,2020-07-01 08:22:32
402,cananeia,-25.67876728318646,-47.609394698676084,76.6,64,6,10.22,-25.01,-47.93,BR,2020-06-30 17:22:32
403,pringsewu,-7.8070579794434565,102.9976653267588,71.89,94,85,0.29,-5.36,104.97,ID,2020-07-01 03:22:32
404,katherine,-14.83279334961874,131.85001017104435,57.2,67,10,6.93,-14.47,132.27,AU,2020-07-01 05:52:32
405,arlit,22.14264469467092,6.959887003835604,93.63,12,0,1.01,18.74,7.39,NE,2020-06-30 21:22:32
406,yining,43.537874886287256,82.28313505998995,74.32,92,34,1.21,29.04,114.56,CN,2020-07-01 04:22:33
407,san patricio,4.697767254986658,-118.75650967053164,89.6,66,20,11.41,19.22,-104.7,MX,2020-06-30 15:22:33
408,spirit river,55.932882987344726,-118.66972219499945,68.0,63,90,8.05,55.78,-118.84,CA,2020-06-30 14:22:33
409,hamilton,28.668669611993394,-67.78110921186511,84.0,69,90,9.17,39.18,-84.53,US,2020-06-30 16:20:30
410,westport,54.73387967409735,-12.586057646004576,73.99,88,90,4.7,41.14,-73.36,US,2020-06-30 16:18:59
411,pimenta bueno,-12.15477738031862,-61.49926885452689,88.52,48,75,4.03,-11.67,-61.19,BR,2020-06-30 16:19:58
412,benguela,-12.199788685342497,12.902162823777843,69.24,88,16,5.48,-12.58,13.41,AO,2020-06-30 21:22:34
413,wum,6.714029330213094,9.833011971756008,63.34,99,38,0.58,6.38,10.07,CM,2020-06-30 21:22:34
414,hami,41.797640310626804,93.67987089606316,72.34,25,0,4.29,42.8,93.45,CN,2020-07-01 04:22:34
415,alofi,-21.682669604938837,-165.2204893945865,79.45,84,97,10.54,-19.06,-169.92,NU,2020-06-30 09:22:34
416,sibolga,0.3480242303101022,95.98663713255809,77.41,84,100,3.71,1.74,98.78,ID,2020-07-01 03:22:35
417,olinda,-9.939954672956148,-28.77790533591164,80.6,74,40,11.41,-8.01,-34.86,BR,2020-06-30 17:22:35
418,inuvik,65.5031943495153,-132.00386272889372,68.0,49,90,6.93,68.35,-133.72,CA,2020-06-30 14:22:35
419,portland,-52.986606464604876,133.00931426736287,69.01,63,75,6.93,45.52,-122.68,US,2020-06-30 13:15:03
420,beloha,-28.191440403808876,40.89226583552809,61.84,85,0,3.87,-25.17,45.05,MG,2020-06-30 23:22:36
421,ukiah,39.15761214014486,-123.56247360465787,87.8,22,1,5.82,39.15,-123.21,US,2020-06-30 13:22:36
422,caravelas,-18.600235565104413,-37.912199106748204,72.61,91,83,4.18,-17.71,-39.25,BR,2020-06-30 17:22:36
423,miraflores,1.8134520339881135,-71.48883753052463,75.2,41,75,4.7,19.22,-98.81,MX,2020-06-30 15:22:37
424,chenzhou,25.950150342681027,113.31839838460746,77.74,88,100,3.62,25.8,113.03,CN,2020-07-01 04:22:37
425,southbridge,-44.76102698170888,173.00233539620456,73.0,97,100,5.06,42.08,-72.03,US,2020-06-30 16:22:37
426,mamallapuram,11.913228813923794,83.43457928570342,82.4,78,75,4.7,12.63,80.17,IN,2020-07-01 01:52:37
427,arica,-18.925281835174943,-69.98423567503265,62.6,67,20,11.41,-18.48,-70.3,CL,2020-06-30 16:17:45
428,csokmo,46.99157049253583,21.36605011972776,68.0,72,0,5.82,47.03,21.3,HU,2020-06-30 22:22:38
429,haines junction,59.24695323474276,-136.8744178216086,66.79,30,0,5.12,60.75,-137.51,CA,2020-06-30 13:22:38
430,port hardy,50.09207760904792,-129.71336279481574,57.2,76,75,11.41,50.7,-127.42,CA,2020-06-30 13:22:38
431,cabedelo,-5.939816524406183,-31.179100188057674,78.8,78,20,10.29,-6.98,-34.83,BR,2020-06-30 17:22:38
432,dingle,49.489610788245244,-21.747433098447317,76.82,82,68,2.04,11.0,122.67,PH,2020-07-01 04:22:38
433,port lincoln,-44.965784644409496,132.15380186487886,53.58,74,0,15.48,-34.73,135.87,AU,2020-07-01 05:52:39
434,goderich,3.278283136586012,-21.929003150952354,81.0,76,5,11.7,43.75,-81.72,CA,2020-06-30 16:22:39
435,glens falls,43.76456282715725,-74.16320158252704,75.2,69,75,13.87,43.31,-73.64,US,2020-06-30 16:22:39
436,ottawa,38.42523901526005,-95.2684164754149,80.01,61,40,14.99,45.41,-75.7,CA,2020-06-30 16:19:35
437,dunedin,-58.21633002856013,178.11718243509637,43.0,88,100,1.99,-45.87,170.5,NZ,2020-07-01 08:18:55
438,impfondo,1.7198778659292628,17.2136579072411,71.55,90,97,2.55,1.64,18.07,CG,2020-06-30 21:22:40
439,lagunas,-5.035826429487159,-74.89545988366612,89.85,51,32,3.2,-5.23,-75.68,PE,2020-06-30 15:22:40
440,babushkin,51.3635824200816,105.70880485360186,56.5,72,0,1.59,51.71,105.86,RU,2020-07-01 04:22:40
441,bonavista,51.49967948756512,-51.160851611150036,61.3,93,99,13.31,48.65,-53.11,CA,2020-06-30 17:52:38
442,khash,27.959880434455513,62.11907747379689,75.67,29,0,3.85,28.22,61.22,IR,2020-07-01 00:52:41
443,guarapari,-24.636295805148407,-34.569771955886154,71.6,83,75,4.7,-20.67,-40.5,BR,2020-06-30 17:19:38
444,riyadh,23.97297297339057,47.61228112276032,95.0,19,3,3.36,24.69,46.72,SA,2020-06-30 23:22:41
445,kismayo,-1.3299695830647664,44.32363045554129,78.58,76,40,20.33,-0.36,42.55,SO,2020-06-30 23:22:41
446,irbil,35.81501687149482,43.58768210714135,86.0,22,0,6.93,36.19,44.01,IQ,2020-06-30 23:22:41
447,burns lake,54.575790880820165,-126.11689107919054,60.35,58,59,5.46,54.23,-125.75,CA,2020-06-30 13:22:42
448,palmas bellas,9.56741099760282,-80.9608773919939,75.0,94,100,7.0,9.23,-80.09,PA,2020-06-30 15:22:42
449,iskateley,67.83750336875673,55.557534227088155,52.88,73,100,8.81,67.68,53.15,RU,2020-06-30 23:22:42
450,dawson creek,55.300533224403694,-120.78760384429765,64.4,63,40,5.82,55.77,-120.24,CA,2020-06-30 13:22:43
451,havelock,34.19112698449857,-74.50266418181701,84.2,54,90,6.93,34.88,-76.9,US,2020-06-30 16:22:40
452,north vernon,39.010198666061456,-85.52701477428991,84.99,69,40,5.82,39.01,-85.62,US,2020-06-30 16:18:39
453,vogar,63.92068298006848,-22.317550824688908,50.0,81,90,10.29,63.98,-22.39,IS,2020-06-30 20:22:43
454,vazante,-17.69729646182232,-47.37394984714322,71.55,62,36,4.65,-17.99,-46.91,BR,2020-06-30 17:22:43
455,matagami,52.895480416696245,-77.86223459011231,86.0,37,1,8.05,49.75,-77.63,CA,2020-06-30 16:22:44
456,maryville,40.85627983917385,-95.28208769177056,80.6,69,90,6.93,35.76,-83.97,US,2020-06-30 16:21:49
457,prince rupert,48.35133853140266,-135.45055336212397,60.8,77,75,8.05,54.32,-130.32,CA,2020-06-30 13:22:44
458,daru,-11.898598019667872,144.62957848905035,75.94,84,76,14.79,-9.08,143.21,PG,2020-07-01 06:22:44
459,morros,-9.819169107823186,-46.60696426420694,87.08,31,0,4.47,-9.45,-46.3,BR,2020-06-30 17:22:44
460,lompoc,19.94681795870089,-132.0966918410557,68.0,68,7,13.87,34.64,-120.46,US,2020-06-30 13:22:45
461,schijndel,51.60776591666726,5.4238267255666415,62.6,93,75,11.41,51.62,5.43,NL,2020-06-30 22:22:45
462,yumen,34.60460184656898,95.39424909814511,66.52,35,0,5.75,40.28,97.2,CN,2020-07-01 04:22:45
463,komsomolskiy,65.48320023112035,172.00233509324937,78.8,27,78,6.93,40.43,71.72,UZ,2020-07-01 01:22:45
464,sao filipe,7.651314789645852,-27.003695834577485,75.2,72,2,12.97,14.9,-24.5,CV,2020-06-30 19:22:45
465,la serena,-29.077690260065545,-71.58637691524817,60.8,67,22,11.41,-29.91,-71.25,CL,2020-06-30 16:22:46
466,guanica,15.99235456215456,-67.78758572558424,89.01,61,22,5.01,17.97,-66.91,PR,2020-06-30 16:22:46
467,balugaon,20.23039471163105,84.81391887365828,82.11,86,79,3.38,20.17,85.1,IN,2020-07-01 01:52:46
468,pedro carbo,-2.026188383225602,-80.34927223639654,82.4,65,75,3.36,-1.83,-80.23,EC,2020-06-30 15:22:46
469,atchison,39.49432044011593,-95.52595331463674,88.0,66,75,13.87,39.56,-95.12,US,2020-06-30 15:22:46
470,north bend,43.9619717817946,-126.71158654837117,62.01,82,90,16.11,43.41,-124.22,US,2020-06-30 13:22:47
471,deputatskiy,68.81202870896595,140.22321621513322,50.52,65,37,3.62,69.3,139.9,RU,2020-07-01 06:22:47
472,greytown,-28.536543137418413,30.744108864339182,47.64,93,56,1.86,-29.06,30.59,ZA,2020-06-30 22:22:47
473,ranfurly,-44.63764805731275,170.33959253896478,33.01,87,100,7.27,-45.13,170.1,NZ,2020-07-01 08:22:47
474,kuala terengganu,5.838439033179625,104.16372213032179,80.6,94,20,3.36,5.33,103.14,MY,2020-07-01 04:22:47
475,broken hill,-30.118689136152966,143.85569686166093,57.2,33,40,14.99,-31.95,141.43,AU,2020-07-01 05:52:48
476,feijo,-7.938894346041053,-70.27298565683964,89.85,47,54,0.87,-8.16,-70.35,BR,2020-06-30 15:22:48
477,sarh,9.381978260098094,18.073531910047137,74.19,92,100,3.33,9.14,18.39,TD,2020-06-30 21:22:48
478,plouzane,49.006745373777875,-4.9375201131609,62.6,93,90,17.22,48.38,-4.62,FR,2020-06-30 22:22:48
479,ghanzi,-22.173227205100943,20.525019946096336,53.62,39,0,6.35,-21.57,21.78,BW,2020-06-30 22:22:49
480,loudi,27.821323503296753,111.93392135773735,76.42,93,94,2.42,27.73,111.99,CN,2020-07-01 04:22:49
481,tieling,42.30930696235197,123.95233109810653,64.09,89,10,3.94,42.29,123.84,CN,2020-07-01 04:22:49
482,la llanada,1.4514802751719031,-77.7960123507799,73.4,64,40,8.05,1.49,-77.58,CO,2020-06-30 15:22:49
483,khorixas,-20.169023515193928,12.499835490072826,59.95,27,0,9.33,-20.37,14.97,NA,2020-06-30 22:22:50
484,qui nhon,14.514502012660003,110.60308283083737,77.68,79,98,5.93,13.77,109.23,VN,2020-07-01 03:22:50
485,majene,-3.2864043596805033,117.26716433322935,77.09,86,73,8.25,-3.54,118.97,ID,2020-07-01 04:22:50
486,inta,63.96731099264298,59.74566883567249,40.1,88,26,10.29,66.03,60.17,RU,2020-06-30 23:22:50
487,grong,64.49985322160575,12.91273709505117,48.2,76,75,11.41,64.47,12.31,NO,2020-06-30 22:22:50
488,santa maria,16.773898769108783,-22.38753925448421,59.0,93,90,14.99,-29.68,-53.81,BR,2020-06-30 17:22:51
489,djenne,13.802190570598171,-4.377134013209599,92.16,37,49,7.36,13.91,-4.55,ML,2020-06-30 20:22:51
490,sola,-14.233189188763717,167.07767663566688,77.63,78,84,25.84,-13.88,167.55,VU,2020-07-01 07:22:51
491,antalaha,-14.380282634179537,51.71985809177508,66.92,87,3,6.96,-14.9,50.28,MG,2020-06-30 23:22:51
492,maxixe,-22.89995560434737,35.34472331361377,66.81,82,63,9.6,-23.86,35.35,MZ,2020-06-30 22:22:51
493,elat,29.952454882431923,34.711829390460736,89.6,33,0,13.87,29.56,34.95,IL,2020-06-30 23:21:31
494,marzuq,25.729967081006606,15.068212252430783,87.35,27,91,2.64,14.4,46.47,YE,2020-06-30 23:22:52
495,kintampo,8.460205362335643,-1.4760825726008022,73.72,91,79,5.53,8.06,-1.73,GH,2020-06-30 20:22:52
496,honiara,-14.22980128071245,158.06456003860836,73.4,100,20,3.36,-9.43,159.95,SB,2020-07-01 07:22:52
497,camana,-19.158772188410737,-74.99060569634946,65.57,69,67,10.83,-16.62,-72.71,PE,2020-06-30 15:22:52
498,cururupu,0.4052893787063283,-43.22996343554658,82.11,72,0,4.47,-1.83,-44.87,BR,2020-06-30 17:22:53
499,holsted,55.48225423789722,8.937887715098014,59.0,77,99,18.34,55.51,8.92,DK,2020-06-30 22:22:53
500,umm kaddadah,15.963180789299116,26.888958709952504,90.23,36,31,13.65,13.6,26.69,SD,2020-06-30 22:22:53
501,pincher creek,49.44915268251111,-114.20322447851026,50.0,100,90,6.93,49.48,-113.95,CA,2020-06-30 14:22:53
502,chachapoyas,-5.675534932955813,-77.80324757358675,63.61,75,57,3.71,-6.23,-77.87,PE,2020-06-30 15:22:53
503,san carlos de bariloche,-39.431712670506556,-70.09495864400199,33.8,80,75,9.17,-41.15,-71.31,AR,2020-06-30 17:18:02
504,roseburg,43.4264206323287,-123.53315412447472,69.8,49,90,4.7,43.22,-123.34,US,2020-06-30 13:22:54
505,along,30.83293641003732,93.87456156588206,73.45,88,92,1.21,28.17,94.77,IN,2020-07-01 01:52:54
506,avera,-33.923535861457225,-156.72458075455603,96.8,37,40,8.05,33.19,-82.53,US,2020-06-30 16:22:54
507,capoterra,38.23592000078105,8.785511188812649,82.99,37,0,11.41,39.18,8.97,IT,2020-06-30 22:22:54
508,odweyne,7.936676935081138,45.45413701189531,77.58,53,100,18.19,9.41,45.06,SO,2020-06-30 23:22:55
509,borogontsy,64.2965994284906,130.67480730721633,63.66,54,0,2.24,62.67,131.17,RU,2020-07-01 05:22:55
510,seoul,38.21334044694365,127.63671856311299,64.4,100,100,3.36,37.57,126.98,KR,2020-07-01 05:20:45
511,dondo,-19.77009830546237,34.521285740480806,69.8,77,39,5.82,-19.61,34.74,MZ,2020-06-30 22:22:55
512,parabel,58.878940892611126,82.23638188294524,54.97,79,62,6.89,58.7,81.48,RU,2020-07-01 03:22:56
513,luwuk,-1.3729444680483311,124.4385527041693,76.66,80,70,5.19,-0.95,122.79,ID,2020-07-01 04:22:56
514,abu samrah,22.962939206419705,50.104717259139136,72.68,66,0,14.09,35.3,37.18,SY,2020-06-30 23:22:56
515,coos bay,41.93132725457832,-132.53725752096497,62.01,82,90,16.11,43.37,-124.22,US,2020-06-30 13:22:56
516,saint-augustin,56.242509815981094,-57.402707935070836,74.34,58,43,15.21,51.23,-58.65,CA,2020-06-30 16:18:06
517,tilichiki,59.13324686924855,172.56664001080264,48.51,50,66,16.8,60.47,166.1,RU,2020-07-01 08:22:57
518,urucara,-1.4724869846663893,-57.755238995502054,84.18,75,100,4.68,-2.54,-57.76,BR,2020-06-30 16:22:57
519,lufilufi,1.212082021234508,-163.46729083181023,82.9,76,96,8.21,-13.87,-171.6,WS,2020-07-01 09:22:57
520,hopelchen,19.632217849477698,-89.85657261891015,95.0,47,20,11.41,19.77,-89.85,MX,2020-06-30 15:22:57
521,tongliao,43.397365499629586,122.35350780815759,67.33,73,48,6.35,43.61,122.27,CN,2020-07-01 04:22:58
522,noyabrsk,63.16736437958437,75.09319596131661,44.13,95,38,8.46,63.2,75.45,RU,2020-07-01 01:22:58
523,kandrian,-7.327676545199395,150.14307351794747,76.37,88,21,6.93,-6.22,149.55,PG,2020-07-01 06:22:58
524,anahuac,27.664973287867625,-100.39584988932239,95.0,47,75,11.41,27.23,-100.15,MX,2020-06-30 15:22:58
525,kontagora,10.160128149110875,4.693677662943799,75.97,89,100,2.21,10.4,5.47,NG,2020-06-30 21:22:58
526,sisophon,13.385053503836033,103.1859752557981,75.7,93,100,8.3,13.59,102.97,KH,2020-07-01 03:22:59
527,kendari,-3.7171285649005767,122.62052972451119,72.77,94,10,3.15,-3.94,122.5,ID,2020-07-01 04:22:59
528,indian head,50.51005390802135,-103.37663569128175,91.4,31,20,3.36,38.6,-77.16,US,2020-06-30 16:22:59
529,atasu,48.485505880219876,71.19301968427294,70.88,34,98,7.07,48.68,71.64,KZ,2020-07-01 02:22:59
530,ambilobe,-7.398890477186399,49.81069012753798,68.07,81,0,2.68,-13.2,49.05,MG,2020-06-30 23:22:59
531,yinchuan,38.365519093215084,105.91705805002005,81.93,26,100,11.1,38.47,106.27,CN,2020-07-01 04:23:00
532,fakel,57.650465925454995,52.9892036201652,42.71,91,0,2.64,57.63,53.03,RU,2020-07-01 00:23:00
533,caborca,30.442384844383128,-112.34282569092244,93.99,39,0,1.01,30.58,-111.1,MX,2020-06-30 13:23:00
534,kavieng,7.1295781258045565,153.68692971380614,81.99,75,48,9.95,-2.57,150.8,PG,2020-07-01 06:23:00
535,griffith,-31.499896695034685,144.90718362193616,90.0,62,75,5.82,41.53,-87.42,US,2020-06-30 15:23:01
536,cap-aux-meules,47.91670008788833,-61.15315106047707,60.8,87,90,11.41,47.38,-61.86,CA,2020-06-30 17:20:01
537,cap malheureux,-14.680667445676676,60.0404911888169,66.99,81,0,5.01,-19.98,57.61,MU,2020-07-01 00:23:01
538,emerald,-23.437562544299567,145.7436049455889,55.4,100,49,5.82,-23.53,148.17,AU,2020-07-01 06:23:01
539,dalvik,67.01056697252676,-18.01268024358967,53.6,58,2,10.29,65.97,-18.53,IS,2020-06-30 20:23:01
540,terney,43.36346980313468,138.09479852491228,54.48,75,42,3.2,45.05,136.61,RU,2020-07-01 06:23:02
541,nioro,16.432541216023253,-8.972844144874983,85.41,59,94,12.86,13.35,-15.75,GM,2020-06-30 20:23:02
542,anamur,35.86599683548003,32.95194026698462,75.2,94,20,2.24,36.08,32.84,TR,2020-06-30 23:23:02
543,agadir,30.568263173850468,-11.143565208496057,69.8,83,0,6.93,30.42,-9.6,MA,2020-06-30 21:23:02
544,ampanihy,-24.934980189706664,44.71054964747816,61.07,83,0,2.53,-24.7,44.75,MG,2020-06-30 23:23:02
545,high level,57.49525803136342,-115.18131910083561,73.4,53,75,11.41,58.52,-117.14,CA,2020-06-30 14:23:03
